Yahoo_Ticker,Ticker,Name,Sector,ISIN,Country,CCY,Currency_Yahoo
NESN.SW,NESN,NESTLE SA,Consumer Staples,CH0038863350,Switzerland,CHF,EURCHF=X
ROG.SW,ROG,ROCHE HOLDING PAR AG,Health Care,CH0012032048,Switzerland,CHF,EURCHF=X
NOVN.SW,NOVN,NOVARTIS AG,Health Care,CH0012005267,Switzerland,CHF,EURCHF=X
SAP.DE,SAP,SAP,Information Technology,DE0007164600,Germany,EUR,EUREUR=X
ASML.AS,ASML,ASML HOLDING NV,Information Technology,NL0010273215,Netherlands,EUR,EUREUR=X
AZN.L,AZN,ASTRAZENECA PLC,Health Care,GB0009895292,United Kingdom,GBP,EURGBP=X
HSBA.L,HSBA,HSBC HOLDINGS PLC,Financials,GB0005405286,United Kingdom,GBP,EURGBP=X
NOVO-B.CO,NOVO-B,NOVO NORDISK CLASS B,Health Care,DK0060534915,Denmark,DKK,EURDKK=X
LIN,LIN,LINDE PLC,Materials,IE00BZ12WP82,Ireland,USD,EURUSD=X
SAN.PA,SAN,SANOFI SA,Health Care,FR0000120578,France,EUR,EUREUR=X
MC.PA,MC,LVMH,Consumer Discretionary,FR0000121014,France,EUR,EUREUR=X
GSK.L,GSK,GLAXOSMITHKLINE PLC,Health Care,GB0009252882,United Kingdom,GBP,EURGBP=X
FP.PA,FP,TOTAL SA,Energy,FR0000120271,France,EUR,EUREUR=X
BATS.L,BATS,BRITISH AMERICAN TOBACCO PLC,Consumer Staples,GB0002875804,United Kingdom,GBP,EURGBP=X
BP.L,BP,BP PLC,Energy,GB0007980591,United Kingdom,GBP,EURGBP=X
RDSA.L,RDSA,ROYAL DUTCH SHELL PLC,Energy,GB00B03MLX29,United Kingdom,GBP,EURGBP=X
DGE.L,DGE,DIAGEO PLC,Consumer Staples,GB0002374006,United Kingdom,GBP,EURGBP=X
ALV.DE,ALV,ALLIANZ,Financials,DE0008404005,Germany,EUR,EUREUR=X
SIE.DE,SIE,SIEMENS N AG,Industrials,DE0007236101,Germany,EUR,EUREUR=X
UNA.AS,UNA,UNILEVER NV,Consumer Staples,NL0000388619,Netherlands,EUR,EUREUR=X
OR.PA,OR,LOREAL SA,Consumer Staples,FR0000120321,France,EUR,EUREUR=X
BAYN.DE,BAYN,BAYER AG,Health Care,DE000BAY0017,Germany,EUR,EUREUR=X
AI.PA,AI,AIR LIQUIDE SA,Materials,FR0000120073,France,EUR,EUREUR=X
ULVR.L,ULVR,UNILEVER PLC,Consumer Staples,GB00B10RZP78,United Kingdom,GBP,EURGBP=X
IBE.MC,IBE,IBERDROLA SA,Utilities,ES0144580Y14,Spain,EUR,EUREUR=X
RB.L,RB,RECKITT BENCKISER GROUP PLC,Consumer Staples,GB00B24CGK77,United Kingdom,GBP,EURGBP=X
ENEL.MI,ENEL,ENEL,Utilities,IT0003128367,Italy,EUR,EUREUR=X
RIO.L,RIO,RIO TINTO PLC,Materials,GB0007188757,United Kingdom,GBP,EURGBP=X
ZURN.SW,ZURN,ZURICH INSURANCE GROUP AG,Financials,CH0011075394,Switzerland,CHF,EURCHF=X
SU.PA,SU,SCHNEIDER ELECTRIC,Industrials,FR0000121972,France,EUR,EUREUR=X
BAS.DE,BAS,BASF N,Materials,DE000BASF111,Germany,EUR,EUREUR=X
DG.PA,DG,VINCI SA,Industrials,FR0000125486,France,EUR,EUREUR=X
ADS.DE,ADS,ADIDAS N AG,Consumer Discretionary,DE000A1EWWW0,Germany,EUR,EUREUR=X
REL.L,REL,RELX PLC,Industrials,GB00B2B0DG97,United Kingdom,GBP,EURGBP=X
DTE.DE,DTE,DEUTSCHE TELEKOM N AG,Communication,DE0005557508,Germany,EUR,EUREUR=X
BN.PA,BN,DANONE SA,Consumer Staples,FR0000120644,France,EUR,EUREUR=X
ABI.BR,ABI,ANHEUSER BUSCH INBEV NV,Consumer Staples,BE0974293251,Belgium,EUR,EUREUR=X
NG.L,NG,NATIONAL GRID PLC,Utilities,GB00BDR05C01,United Kingdom,GBP,EURGBP=X
SAN.MC,SAN,BANCO SANTANDER SA,Financials,ES0113900J37,Spain,EUR,EUREUR=X
KER.PA,KER,KERING SA,Consumer Discretionary,FR0000121485,France,EUR,EUREUR=X
AIR.PA,AIR,AIRBUS GROUP,Industrials,NL0000235190,France,EUR,EUREUR=X
VOD.L,VOD,VODAFONE GROUP PLC,Communication,GB00BH4HKS39,United Kingdom,GBP,EURGBP=X
PHIA.AS,PHIA,KONINKLIJKE PHILIPS NV,Health Care,NL0000009538,Netherlands,EUR,EUREUR=X
UBSG.SW,UBSG,UBS GROUP AG,Financials,CH0244767585,Switzerland,CHF,EURCHF=X
BNP.PA,BNP,BNP PARIBAS SA,Financials,FR0000131104,France,EUR,EUREUR=X
CS.PA,CS,AXA SA,Financials,FR0000120628,France,EUR,EUREUR=X
EL.PA,EL,ESSILORLUXOTTICA SA,Consumer Discretionary,FR0000121667,France,EUR,EUREUR=X
BHP.L,BHP,BHP GROUP PLC,Materials,GB00BH0P3Z91,United Kingdom,GBP,EURGBP=X
PRU.L,PRU,PRUDENTIAL PLC,Financials,GB0007099541,United Kingdom,GBP,EURGBP=X
ABBN.SW,ABBN,ABB LTD,Industrials,CH0012221716,Switzerland,CHF,EURCHF=X
SAF.PA,SAF,SAFRAN SA,Industrials,FR0000073272,France,EUR,EUREUR=X
RI.PA,RI,PERNOD RICARD SA,Consumer Staples,FR0000120693,France,EUR,EUREUR=X
PRX.AS,PRX,PROSUS NV,Consumer Discretionary,NL0013654783,Netherlands,EUR,EUREUR=X
LONN.SW,LONN,LONZA GROUP AG,Health Care,CH0013841017,Switzerland,CHF,EURCHF=X
ITX.MC,ITX,INDUSTRIA DE DISENO TEXTIL INDITEX,Consumer Discretionary,ES0148396007,Spain,EUR,EUREUR=X
MUV2.DE,MUV2,MUENCHENER RUECKVERSICHERUNGS-GESE,Financials,DE0008430026,Germany,EUR,EUREUR=X
CFR.SW,CFR,COMPAGNIE FINANCIERE RICHEMONT SA,Consumer Discretionary,CH0210483332,Switzerland,CHF,EURCHF=X
LLOY.L,LLOY,LLOYDS BANKING GROUP PLC,Financials,GB0008706128,United Kingdom,GBP,EURGBP=X
LSE.L,LSE,LONDON STOCK EXCHANGE GROUP PLC,Financials,GB00B0SWJX34,United Kingdom,GBP,EURGBP=X
TSCO.L,TSCO,TESCO PLC,Consumer Staples,GB0008847096,United Kingdom,GBP,EURGBP=X
DPW.DE,DPW,DEUTSCHE POST AG,Industrials,DE0005552004,Germany,EUR,EUREUR=X
DB1.DE,DB1,DEUTSCHE BOERSE AG,Financials,DE0005810055,Germany,EUR,EUREUR=X
DAI.DE,DAI,DAIMLER AG,Consumer Discretionary,DE0007100000,Germany,EUR,EUREUR=X
CPG.L,CPG,COMPASS GROUP PLC,Consumer Discretionary,GB00BD6K4575,United Kingdom,GBP,EURGBP=X
AD.AS,AD,KONINKLIJKE AHOLD DELHAIZE NV,Consumer Staples,NL0011794037,Netherlands,EUR,EUREUR=X
ENI.MI,ENI,ENI,Energy,IT0003132476,Italy,EUR,EUREUR=X
ISP.MI,ISP,INTESA SANPAOLO,Financials,IT0000072618,Italy,EUR,EUREUR=X
GIVN.SW,GIVN,GIVAUDAN SA,Materials,CH0010645932,Switzerland,CHF,EURCHF=X
ALC.SW,ALC,ALCON AG,Health Care,CH0432492467,Switzerland,CHF,EURCHF=X
EXPN.L,EXPN,EXPERIAN PLC,Industrials,GB00B19NLV48,United Kingdom,GBP,EURGBP=X
VNA.DE,VNA,VONOVIA SE,Real Estate,DE000A1ML7J1,Germany,EUR,EUREUR=X
ERIC-B.ST,ERIC-B,ERICSSON B,Information Technology,SE0000108656,Sweden,SEK,EURSEK=X
RMS.PA,RMS,HERMES INTERNATIONAL,Consumer Discretionary,FR0000052292,France,EUR,EUREUR=X
ORA.PA,ORA,ORANGE SA,Communication,FR0000133308,France,EUR,EUREUR=X
VOW3.DE,VOW3,VOLKSWAGEN NON-VOTING PREF AG,Consumer Discretionary,DE0007664039,Germany,EUR,EUREUR=X
CRG.IR,CRG,CRH PLC,Materials,IE0001827041,Ireland,EUR,EUREUR=X
SREN.SW,SREN,SWISS RE AG,Financials,CH0126881561,Switzerland,CHF,EURCHF=X
AMS.MC,AMS,AMADEUS IT GROUP SA,Information Technology,ES0109067019,Spain,EUR,EUREUR=X
KNEBV.HE,KNEBV,KONE,Industrials,FI0009013403,Finland,EUR,EUREUR=X
INGA.AS,INGA,ING GROEP NV,Financials,NL0011821202,Netherlands,EUR,EUREUR=X
AAL.L,AAL,ANGLO AMERICAN PLC,Materials,GB00B1XZS820,United Kingdom,GBP,EURGBP=X
TEF.MC,TEF,TELEFONICA SA,Communication,ES0178430E18,Spain,EUR,EUREUR=X
SIKA.SW,SIKA,SIKA AG,Materials,CH0418792922,Switzerland,CHF,EURCHF=X
IFX.DE,IFX,INFINEON TECHNOLOGIES AG,Information Technology,DE0006231004,Germany,EUR,EUREUR=X
BBVA.MC,BBVA,BANCO BILBAO VIZCAYA ARGENTARIA SA,Financials,ES0113211835,Spain,EUR,EUREUR=X
ADYEN.AS,ADYEN,ADYEN NV,Information Technology,NL0012969182,Netherlands,EUR,EUREUR=X
EOAN.DE,EOAN,E.ON N,Utilities,DE000ENAG999,Germany,EUR,EUREUR=X
CSGN.SW,CSGN,CREDIT SUISSE GROUP AG,Financials,CH0012138530,Switzerland,CHF,EURCHF=X
BA.L,BA,BAE SYSTEMS PLC,Industrials,GB0002634946,United Kingdom,GBP,EURGBP=X
ATCO-A.ST,ATCO-A,ATLAS COPCO CLASS A,Industrials,SE0011166610,Sweden,SEK,EURSEK=X
VOLV-B.ST,VOLV-B,VOLVO CLASS B,Industrials,SE0000115446,Sweden,SEK,EURSEK=X
DSM.AS,DSM,KONINKILIJKE DSM NV,Materials,NL0000009827,Netherlands,EUR,EUREUR=X
INVE-B.ST,INVE-B,INVESTOR B,Financials,SE0000107419,Sweden,SEK,EURSEK=X
DSY.PA,DSY,DASSAULT SYSTEMES,Information Technology,FR0000130650,France,EUR,EUREUR=X
ENGI.PA,ENGI,ENGIE SA,Utilities,FR0010208488,France,EUR,EUREUR=X
VIV.PA,VIV,VIVENDI SA,Communication,FR0000127771,France,EUR,EUREUR=X
LHN.SW,LHN,LAFARGEHOLCIM LTD,Materials,CH0012214059,Switzerland,CHF,EURCHF=X
BARC.L,BARC,BARCLAYS PLC,Financials,GB0031348658,United Kingdom,GBP,EURGBP=X
GLEN.L,GLEN,GLENCORE PLC,Materials,JE00B4T3BW64,United Kingdom,GBP,EURGBP=X
IMB.L,IMB,IMPERIAL BRANDS PLC,Consumer Staples,GB0004544929,United Kingdom,GBP,EURGBP=X
HEIA.AS,HEIA,HEINEKEN NV,Consumer Staples,NL0000009165,Netherlands,EUR,EUREUR=X
WKL.AS,WKL,WOLTERS KLUWER NV,Industrials,NL0000395903,Netherlands,EUR,EUREUR=X
DSV.CO,DSV,DSV PANALPINA,Industrials,DK0060079531,Denmark,DKK,EURDKK=X
RACE.MI,RACE,FERRARI NV,Consumer Discretionary,NL0011585146,Italy,EUR,EUREUR=X
NDA-SE.ST,NDA-SE,NORDEA BANK,Financials,FI4000297767,Sweden,SEK,EURSEK=X
NOKIA.HE,NOKIA,NOKIA,Information Technology,FI0009000681,Finland,EUR,EUREUR=X
ESSITY-B.ST,ESSITY-B,ESSITY CLASS B,Consumer Staples,SE0009922164,Sweden,SEK,EURSEK=X
UCG.MI,UCG,UNICREDIT,Financials,IT0005239360,Italy,EUR,EUREUR=X
ASSA-B.ST,ASSA-B,ASSA ABLOY B,Industrials,SE0007100581,Sweden,SEK,EURSEK=X
G.MI,G,ASSICURAZIONI GENERALI,Financials,IT0000062072,Italy,EUR,EUREUR=X
BMW.DE,BMW,BMW AG,Consumer Discretionary,DE0005190003,Germany,EUR,EUREUR=X
LR.PA,LR,LEGRAND SA,Industrials,FR0010307819,France,EUR,EUREUR=X
SN.L,SN,SMITH AND NEPHEW PLC,Health Care,GB0009223206,United Kingdom,GBP,EURGBP=X
COLO-B.CO,COLO-B,COLOPLAST B,Health Care,DK0060448595,Denmark,DKK,EURDKK=X
RWE.DE,RWE,RWE AG,Utilities,DE0007037129,Germany,EUR,EUREUR=X
ORSTED.CO,ORSTED,ORSTED,Utilities,DK0060094928,Denmark,DKK,EURDKK=X
ML.PA,ML,MICHELIN,Consumer Discretionary,FR0000121261,France,EUR,EUREUR=X
FRE.DE,FRE,FRESENIUS SE AND CO KGAA,Health Care,DE0005785604,Germany,EUR,EUREUR=X
VWS.CO,VWS,VESTAS WIND SYSTEMS,Industrials,DK0010268606,Denmark,DKK,EURDKK=X
KRZ.IR,KRZ,KERRY GROUP PLC,Consumer Staples,IE0004906560,Ireland,EUR,EUREUR=X
STM.PA,STM,STMICROELECTRONICS NV,Information Technology,NL0000226223,France,EUR,EUREUR=X
SSE.L,SSE,SSE PLC,Utilities,GB0007908733,United Kingdom,GBP,EURGBP=X
LGEN.L,LGEN,LEGAL AND GENERAL GROUP PLC,Financials,GB0005603997,United Kingdom,GBP,EURGBP=X
SGO.PA,SGO,COMPAGNIE DE SAINT GOBAIN SA,Industrials,FR0000125007,France,EUR,EUREUR=X
GEBN.SW,GEBN,GEBERIT AG,Industrials,CH0030170408,Switzerland,CHF,EURCHF=X
SAND.ST,SAND,SANDVIK,Industrials,SE0000667891,Sweden,SEK,EURSEK=X
FERG.L,FERG,FERGUSON PLC,Industrials,JE00BJVNSS43,United Kingdom,GBP,EURGBP=X
SAMPO.HE,SAMPO,SAMPO,Financials,FI0009003305,Finland,EUR,EUREUR=X
HEN3.DE,HEN3,HENKEL & KGAA PREF AG,Consumer Staples,DE0006048432,Germany,EUR,EUREUR=X
STAN.L,STAN,STANDARD CHARTERED PLC,Financials,GB0004082847,United Kingdom,GBP,EURGBP=X
CAP.PA,CAP,CAPGEMINI,Information Technology,FR0000125338,France,EUR,EUREUR=X
EQNR.OL,EQNR,EQUINOR,Energy,NO0010096985,Norway,NOK,EURNOK=X
PGHN.SW,PGHN,PARTNERS GROUP HOLDING AG,Financials,CH0024608827,Switzerland,CHF,EURCHF=X
FME.DE,FME,FRESENIUS MEDICAL CARE AG,Health Care,DE0005785802,Germany,EUR,EUREUR=X
UPM.HE,UPM,UPM-KYMMENE,Materials,FI0009005987,Finland,EUR,EUREUR=X
AKZA.AS,AKZA,AKZO NOBEL NV,Materials,NL0013267909,Netherlands,EUR,EUREUR=X
WDI.DE,WDI,WIRECARD AG,Information Technology,DE0007472060,Germany,EUR,EUREUR=X
GLE.PA,GLE,SOCIETE GENERALE SA,Financials,FR0000130809,France,EUR,EUREUR=X
BT-A.L,BT-A,BT GROUP PLC,Communication,GB0030913577,United Kingdom,GBP,EURGBP=X
GMAB.CO,GMAB,GENMAB,Health Care,DK0010272202,Denmark,DKK,EURDKK=X
KBC.BR,KBC,KBC GROEP,Financials,BE0003565737,Belgium,EUR,EUREUR=X
SGSN.SW,SGSN,SGS SA,Industrials,CH0002497458,Switzerland,CHF,EURCHF=X
DBK.DE,DBK,DEUTSCHE BANK AG,Financials,DE0005140008,Germany,EUR,EUREUR=X
NESTE.HE,NESTE,NESTE,Energy,FI0009013296,Finland,EUR,EUREUR=X
SCMN.SW,SCMN,SWISSCOM AG,Communication,CH0008742519,Switzerland,CHF,EURCHF=X
FER.MC,FER,FERROVIAL SA,Industrials,ES0118900010,Spain,EUR,EUREUR=X
MRK.DE,MRK,MERCK,Health Care,DE0006599905,Germany,EUR,EUREUR=X
REP.MC,REP,REPSOL SA,Energy,ES0173516115,Spain,EUR,EUREUR=X
TEP.PA,TEP,TELEPERFORMANCE,Industrials,FR0000051807,France,EUR,EUREUR=X
AV.L,AV,AVIVA PLC,Financials,GB0002162385,United Kingdom,GBP,EURGBP=X
DWNI.DE,DWNI,DEUTSCHE WOHNEN,Real Estate,DE000A0HN5C6,Germany,EUR,EUREUR=X
HEXA-B.ST,HEXA-B,HEXAGON B,Information Technology,SE0000103699,Sweden,SEK,EURSEK=X
SHB-A.ST,SHB-A,SVENSKA HANDELSBANKEN-A SHS,Financials,SE0007100599,Sweden,SEK,EURSEK=X
CLNX.MC,CLNX,CELLNEX TELECOM SA,Communication,ES0105066007,Spain,EUR,EUREUR=X
SY1.DE,SY1,SYMRISE AG,Materials,DE000SYM9999,Germany,EUR,EUREUR=X
CARL-B.CO,CARL-B,CARLSBERG AS CL B,Consumer Staples,DK0010181759,Denmark,DKK,EURDKK=X
AHT.L,AHT,ASHTEAD GROUP PLC,Industrials,GB0000536739,United Kingdom,GBP,EURGBP=X
SGRO.L,SGRO,SEGRO REIT PLC,Real Estate,GB00B5ZN1N88,United Kingdom,GBP,EURGBP=X
SLHN.SW,SLHN,SWISS LIFE HOLDING AG,Financials,CH0014852781,Switzerland,CHF,EURCHF=X
VIE.PA,VIE,VEOLIA ENVIRON. SA,Utilities,FR0000124141,France,EUR,EUREUR=X
SEB-A.ST,SEB-A,SKANDINAVISKA ENSKILDA BANKEN,Financials,SE0000148884,Sweden,SEK,EURSEK=X
TKWY.AS,TKWY,JUST EAT TAKEAWA NV,Consumer Discretionary,NL0012015705,Netherlands,EUR,EUREUR=X
UCB.BR,UCB,UCB SA,Health Care,BE0003739530,Belgium,EUR,EUREUR=X
EDEN.PA,EDEN,EDENRED SA,Information Technology,FR0010908533,France,EUR,EUREUR=X
HM-B.ST,HM-B,HENNES & MAURITZ,Consumer Discretionary,SE0000106270,Sweden,SEK,EURSEK=X
EDP.LS,EDP,EDP ENERGIAS DE PORTUGAL SA,Utilities,PTEDP0AM0009,Portugal,EUR,EUREUR=X
OCDO.L,OCDO,OCADO GROUP PLC,Consumer Discretionary,GB00B3MBS747,United Kingdom,GBP,EURGBP=X
SWED-A.ST,SWED-A,SWEDBANK,Financials,SE0000242455,Sweden,SEK,EURSEK=X
SOON.SW,SOON,SONOVA HOLDING AG,Health Care,CH0012549785,Switzerland,CHF,EURCHF=X
DNB.OL,DNB,DNB,Financials,NO0010031479,Norway,NOK,EURNOK=X
URW.AS,URW,UNIBAIL RODAMCO,Real Estate,FR0013326246,Netherlands,EUR,EUREUR=X
SWMA.ST,SWMA,SWEDISH MATCH,Consumer Staples,SE0000310336,Sweden,SEK,EURSEK=X
NZYM-B.CO,NZYM-B,NOVOZYMES B,Materials,DK0060336014,Denmark,DKK,EURDKK=X
BEI.DE,BEI,BEIERSDORF AG,Consumer Staples,DE0005200000,Germany,EUR,EUREUR=X
AENA.MC,AENA,AENA SME SA,Industrials,ES0105046009,Spain,EUR,EUREUR=X
ITRK.L,ITRK,INTERTEK GROUP PLC,Industrials,GB0031638363,United Kingdom,GBP,EURGBP=X
TEL.OL,TEL,TELENOR,Communication,NO0010063308,Norway,NOK,EURNOK=X
DHER.DE,DHER,DELIVERY HERO,Consumer Discretionary,DE000A2E4K43,Germany,EUR,EUREUR=X
EN.PA,EN,BOUYGUES SA,Industrials,FR0000120503,France,EUR,EUREUR=X
ACA.PA,ACA,CREDIT AGRICOLE SA,Financials,FR0000045072,France,EUR,EUREUR=X
GRF.MC,GRF,GRIFOLS SA CLASS A,Health Care,ES0171996087,Spain,EUR,EUREUR=X
III.L,III,3I GROUP PLC,Financials,GB00B1YW4409,United Kingdom,GBP,EURGBP=X
HLMA.L,HLMA,HALMA PLC,Information Technology,GB0004052071,United Kingdom,GBP,EURGBP=X
FCA.MI,FCA,FIAT CHRYSLER AUTOMOBILES NV,Consumer Discretionary,NL0010877643,Italy,EUR,EUREUR=X
QIA.DE,QIA,QIAGEN NV,Health Care,NL0012169213,Germany,EUR,EUREUR=X
TELIA.ST,TELIA,TELIA COMPANY,Communication,SE0000667925,Sweden,SEK,EURSEK=X
STMN.SW,STMN,STRAUMANN HOLDING AG,Health Care,CH0012280076,Switzerland,CHF,EURCHF=X
LISN.SW,LISN,CHOCOLADEFABRIKEN LINDT & SPRUENGL,Consumer Staples,CH0010570759,Switzerland,CHF,EURCHF=X
HNR1.DE,HNR1,HANNOVER RUECK,Financials,DE0008402215,Germany,EUR,EUREUR=X
WLN.PA,WLN,WORLDLINE SA,Information Technology,FR0011981968,France,EUR,EUREUR=X
RTO.L,RTO,RENTOKIL INITIAL PLC,Industrials,GB00B082RF11,United Kingdom,GBP,EURGBP=X
WPP.L,WPP,WPP PLC,Communication,JE00B8KF9B49,United Kingdom,GBP,EURGBP=X
SRG.MI,SRG,SNAM,Utilities,IT0003153415,Italy,EUR,EUREUR=X
CA.PA,CA,CARREFOUR SA,Consumer Staples,FR0000120172,France,EUR,EUREUR=X
SCHP.SW,SCHP,SCHINDLER HOLDING PAR AG,Industrials,CH0024638196,Switzerland,CHF,EURCHF=X
ELISA.HE,ELISA,ELISA,Communication,FI0009007884,Finland,EUR,EUREUR=X
NN.AS,NN,NN GROUP NV,Financials,NL0010773842,Netherlands,EUR,EUREUR=X
GLPG.BR,GLPG,GALAPAGOS NV,Health Care,BE0003818359,Belgium,EUR,EUREUR=X
ABF.L,ABF,ASSOCIATED BRITISH FOODS PLC,Consumer Staples,GB0006731235,United Kingdom,GBP,EURGBP=X
IHG.L,IHG,INTERCONTINENTAL HOTELS GROUP PLC,Consumer Discretionary,GB00BHJYC057,United Kingdom,GBP,EURGBP=X
HO.PA,HO,THALES SA,Industrials,FR0000121329,France,EUR,EUREUR=X
CON.DE,CON,CONTINENTAL AG,Consumer Discretionary,DE0005439004,Germany,EUR,EUREUR=X
SGE.L,SGE,SAGE GROUP PLC,Information Technology,GB00B8C3BL03,United Kingdom,GBP,EURGBP=X
TRN.MI,TRN,TERNA RETE ELETTRICA NAZIONALE,Utilities,IT0003242622,Italy,EUR,EUREUR=X
KPN.AS,KPN,KONINKLIJKE KPN NV,Communication,NL0000009082,Netherlands,EUR,EUREUR=X
UG.PA,UG,PEUGEOT SA,Consumer Discretionary,FR0000121501,France,EUR,EUREUR=X
RR.L,RR,ROLLS-ROYCE HOLDINGS PLC,Industrials,GB00B63H8491,United Kingdom,GBP,EURGBP=X
SRT3.DE,SRT3,SARTORIUS PREF AG,Health Care,DE0007165631,Germany,EUR,EUREUR=X
PSN.L,PSN,PERSIMMON PLC,Consumer Discretionary,GB0006825383,United Kingdom,GBP,EURGBP=X
EQT.ST,EQT,EQT,Financials,SE0012853455,Sweden,SEK,EURSEK=X
BAER.SW,BAER,JULIUS BAER GRUPPE AG,Financials,CH0102484968,Switzerland,CHF,EURCHF=X
ALO.PA,ALO,ALSTOM SA,Industrials,FR0010220475,France,EUR,EUREUR=X
KNIN.SW,KNIN,KUEHNE UND NAGEL INTERNATIONAL AG,Industrials,CH0025238863,Switzerland,CHF,EURCHF=X
UMI.BR,UMI,UMICORE SA,Materials,BE0974320526,Belgium,EUR,EUREUR=X
FGR.PA,FGR,EIFFAGE SA,Industrials,FR0000130452,France,EUR,EUREUR=X
TEMN.SW,TEMN,TEMENOS AG,Information Technology,CH0012453913,Switzerland,CHF,EURCHF=X
KRX.IR,KRX,KINGSPAN GROUP PLC,Industrials,IE0004927939,Ireland,EUR,EUREUR=X
UBI.PA,UBI,UBISOFT ENTERTAINMENT SA CAT A,Communication,FR0000054470,France,EUR,EUREUR=X
MOWI.OL,MOWI,MOWI,Consumer Staples,NO0003054108,Norway,NOK,EURNOK=X
FLTR.IR,FLTR,FLUTTER ENTERTAINMENT PLC,Consumer Discretionary,IE00BWT6H894,Ireland,EUR,EUREUR=X
CHR.CO,CHR,CHR HANSEN HOLDING,Materials,DK0060227585,Denmark,DKK,EURDKK=X
SPX.L,SPX,SPIRAX-SARCO ENGINEERING PLC,Industrials,GB00BWFGQN14,United Kingdom,GBP,EURGBP=X
HEIO.AS,HEIO,HEINEKEN HOLDING NV,Consumer Staples,NL0000008977,Netherlands,EUR,EUREUR=X
NXT.L,NXT,NEXT PLC,Consumer Discretionary,GB0032089863,United Kingdom,GBP,EURGBP=X
LEG.DE,LEG,LEG IMMOBILIEN N AG,Real Estate,DE000LEG1110,Germany,EUR,EUREUR=X
LOGN.SW,LOGN,LOGITECH INTERNATIONAL SA,Information Technology,CH0025751329,Switzerland,CHF,EURCHF=X
ING.PA,ING,INGENICO GROUP SA,Information Technology,FR0000125346,France,EUR,EUREUR=X
MTX.DE,MTX,MTU AERO ENGINES HOLDING AG,Industrials,DE000A0D9PT0,Germany,EUR,EUREUR=X
BRBY.L,BRBY,BURBERRY GROUP PLC,Consumer Discretionary,GB0031743007,United Kingdom,GBP,EURGBP=X
MNDI.L,MNDI,MONDI PLC,Materials,GB00B1CRLC47,United Kingdom,GBP,EURGBP=X
PAH3.DE,PAH3,PORSCHE AUTOMOBIL HOLDING PREF,Consumer Discretionary,DE000PAH0038,Germany,EUR,EUREUR=X
DANSKE.CO,DANSKE,DANSKE BANK,Financials,DK0010274414,Denmark,DKK,EURDKK=X
FORTUM.HE,FORTUM,FORTUM,Utilities,FI0009007132,Finland,EUR,EUREUR=X
UU.L,UU,UNITED UTILITIES GROUP PLC,Utilities,GB00B39J2M42,United Kingdom,GBP,EURGBP=X
PUB.PA,PUB,PUBLICIS GROUPE SA,Communication,FR0000130577,France,EUR,EUREUR=X
INF.L,INF,INFORMA PLC,Communication,GB00BMJ6DW54,United Kingdom,GBP,EURGBP=X
CRDA.L,CRDA,CRODA INTERNATIONAL PLC,Materials,GB00BJFFLV09,United Kingdom,GBP,EURGBP=X
BALN.SW,BALN,BALOISE HOLDING AG,Financials,CH0012410517,Switzerland,CHF,EURCHF=X
ZAL.DE,ZAL,ZALANDO,Consumer Discretionary,DE000ZAL1111,Germany,EUR,EUREUR=X
BNZL.L,BNZL,BUNZL,Industrials,GB00B0744B38,United Kingdom,GBP,EURGBP=X
SPSN.SW,SPSN,SWISS PRIME SITE AG,Real Estate,CH0008038389,Switzerland,CHF,EURCHF=X
HEI.DE,HEI,HEIDELBERGCEMENT AG,Materials,DE0006047004,Germany,EUR,EUREUR=X
AGS.BR,AGS,AGEAS SA,Financials,BE0974264930,Belgium,EUR,EUREUR=X
G24.DE,G24,SCOUT24 N AG,Communication,DE000A12DM80,Germany,EUR,EUREUR=X
RBS.L,RBS,ROYAL BANK OF SCOTLAND GROUP PLC,Financials,GB00B7T77214,United Kingdom,GBP,EURGBP=X
MONC.MI,MONC,MONCLER,Consumer Discretionary,IT0004965148,Italy,EUR,EUREUR=X
SLA.L,SLA,STANDARD LIFE ABERDEEN PLC,Financials,GB00BF8Q6K64,United Kingdom,GBP,EURGBP=X
ELE.MC,ELE,ENDESA SA,Utilities,ES0130670112,Spain,EUR,EUREUR=X
SVT.L,SVT,SEVERN TRENT PLC,Utilities,GB00B1FH8J72,United Kingdom,GBP,EURGBP=X
STERV.HE,STERV,STORA ENSO CLASS R,Materials,FI0009005961,Finland,EUR,EUREUR=X
CABK.MC,CABK,CAIXABANK SA,Financials,ES0140609019,Spain,EUR,EUREUR=X
DCC.L,DCC,DCC PLC,Industrials,IE0002424939,United Kingdom,GBP,EURGBP=X
AT1.DE,AT1,AROUNDTOWN PROPERTY HOLDINGS SA,Real Estate,LU1673108939,Germany,EUR,EUREUR=X
TEL2-B.ST,TEL2-B,TELE2 B,Communication,SE0005190238,Sweden,SEK,EURSEK=X
ADEN.SW,ADEN,ADECCO GROUP AG,Industrials,CH0012138605,Switzerland,CHF,EURCHF=X
MT.AS,MT,ARCELORMITTAL SA,Materials,LU1598757687,France,EUR,EUREUR=X
SW.PA,SW,SODEXO SA,Consumer Discretionary,FR0000121220,France,EUR,EUREUR=X
ORK.OL,ORK,ORKLA,Consumer Staples,NO0003733800,Norway,NOK,EURNOK=X
CNHI.MI,CNHI,CNH INDUSTRIAL NV,Industrials,NL0010545661,Italy,EUR,EUREUR=X
GFC.PA,GFC,GECINA REIT SA,Real Estate,FR0010040865,France,EUR,EUREUR=X
ATL.MI,ATL,ATLANTIA,Industrials,IT0003506190,Italy,EUR,EUREUR=X
SKA-B.ST,SKA-B,SKANSKA B,Industrials,SE0000113250,Sweden,SEK,EURSEK=X
ATO.PA,ATO,ATOS,Information Technology,FR0000051732,France,EUR,EUREUR=X
BDEV.L,BDEV,BARRATT DEVELOPMENTS PLC,Consumer Discretionary,GB0000811801,United Kingdom,GBP,EURGBP=X
GBLB.BR,GBLB,GROUPE BRUXELLES LAMBERT NV,Financials,BE0003797140,Belgium,EUR,EUREUR=X
SK3.IR,SK3,SMURFIT KAPPA GROUP PLC,Materials,IE00B1RR8406,Ireland,EUR,EUREUR=X
ADM.L,ADM,ADMIRAL GROUP PLC,Financials,GB00B02J6398,United Kingdom,GBP,EURGBP=X
VIFN.SW,VIFN,VIFOR PHARMA AG,Health Care,CH0364749348,Switzerland,CHF,EURCHF=X
REE.MC,REE,RED ELECTRICA SA,Utilities,ES0173093024,Spain,EUR,EUREUR=X
BNR.DE,BNR,BRENNTAG AG,Industrials,DE000A1DAHH0,Germany,EUR,EUREUR=X
EPI-A.ST,EPI-A,EPIROC CLASS A,Industrials,SE0011166933,Sweden,SEK,EURSEK=X
EXO.MI,EXO,EXOR NV,Financials,NL0012059018,Italy,EUR,EUREUR=X
BKG.L,BKG,BERKELEY GROUP HOLDINGS (THE) PLC,Consumer Discretionary,GB00B02L3W35,United Kingdom,GBP,EURGBP=X
MRO.L,MRO,MELROSE INDUSTRIES PLC,Industrials,GB00BZ1G4322,United Kingdom,GBP,EURGBP=X
SMIN.L,SMIN,SMITHS GROUP PLC,Industrials,GB00B1WY2338,United Kingdom,GBP,EURGBP=X
FBK.MI,FBK,FINECOBANK BANCA FINECO,Financials,IT0000072170,Italy,EUR,EUREUR=X
ERF.PA,ERF,EUROFINS SCIENTIFIC,Health Care,FR0000038259,France,EUR,EUREUR=X
ARGX.BR,ARGX,ARGENX,Health Care,NL0010832176,Belgium,EUR,EUREUR=X
NTGY.MC,NTGY,NATURGY ENERGY SA,Utilities,ES0116870314,Spain,EUR,EUREUR=X
BARN.SW,BARN,BARRY CALLEBAUT AG,Consumer Staples,CH0009002962,Switzerland,CHF,EURCHF=X
ACS.MC,ACS,ACS ACTIVIDADES DE CONSTRUCCION Y,Industrials,ES0167050915,Spain,EUR,EUREUR=X
AKE.PA,AKE,ARKEMA SA,Materials,FR0010313833,France,EUR,EUREUR=X
GN.CO,GN,GN STORE NORD,Health Care,DK0010272632,Denmark,DKK,EURDKK=X
SHL.DE,SHL,SIEMENS HEALTHINEERS AG,Health Care,DE000SHL1006,Germany,EUR,EUREUR=X
AC.PA,AC,ACCOR SA,Consumer Discretionary,FR0000120404,France,EUR,EUREUR=X
YAR.OL,YAR,YARA INTERNATIONAL,Materials,NO0010208051,Norway,NOK,EURNOK=X
BVI.PA,BVI,BUREAU VERITAS SA,Industrials,FR0006174348,France,EUR,EUREUR=X
EBS.VI,EBS,ERSTE GROUP BANK AG,Financials,AT0000652011,Austria,EUR,EUREUR=X
HL.L,HL,HARGREAVES LANSDOWN PLC,Financials,GB00B1VZ0M25,United Kingdom,GBP,EURGBP=X
LAND.L,LAND,LAND SECURITIES GROUP REIT PLC,Real Estate,GB00BYW0PQ60,United Kingdom,GBP,EURGBP=X
SCA-B.ST,SCA-B,SVENSKA CELLULOSA B,Materials,SE0000112724,Sweden,SEK,EURSEK=X
SOLB.BR,SOLB,SOLVAY SA,Materials,BE0003470755,Belgium,EUR,EUREUR=X
TW.L,TW,TAYLOR WIMPEY PLC,Consumer Discretionary,GB0008782301,United Kingdom,GBP,EURGBP=X
UHR.SW,UHR,THE SWATCH GROUP AG,Consumer Discretionary,CH0012255151,Switzerland,CHF,EURCHF=X
RMV.L,RMV,RIGHTMOVE PLC,Communication,GB00BGDT3G23,United Kingdom,GBP,EURGBP=X
PNN.L,PNN,PENNON GROUP PLC,Utilities,GB00B18V8630,United Kingdom,GBP,EURGBP=X
NIBE-B.ST,NIBE-B,NIBE INDUSTRIER CLASS B,Industrials,SE0008321293,Sweden,SEK,EURSEK=X
MAERSK-B.CO,MAERSK-B,A P MOLLER MAERSK B,Industrials,DK0010244508,Denmark,DKK,EURDKK=X
ALFA.ST,ALFA,ALFA LAVAL,Industrials,SE0000695876,Sweden,SEK,EURSEK=X
1COV.DE,1COV,COVESTRO AG,Materials,DE0006062144,Germany,EUR,EUREUR=X
GALP.LS,GALP,GALP ENERGIA SGPS SA,Energy,PTGAL0AM0009,Portugal,EUR,EUREUR=X
STJ.L,STJ,ST JAMESS PLACE PLC,Financials,GB0007669376,United Kingdom,GBP,EURGBP=X
MRW.L,MRW,MORRISON(WM.)SUPERMARKETS PLC,Consumer Staples,GB0006043169,United Kingdom,GBP,EURGBP=X
PHNX.L,PHNX,PHOENIX GROUP HOLDINGS PLC,Financials,GB00BGXQNP29,United Kingdom,GBP,EURGBP=X
BOL.ST,BOL,BOLIDEN,Materials,SE0012455673,Sweden,SEK,EURSEK=X
GET.PA,GET,GETLINK,Industrials,FR0010533075,France,EUR,EUREUR=X
,CDR,CD PROJEKT SA,Communication,PLOPTTC00011,Poland,PLN,EURPLN=X
SKF-B.ST,SKF-B,SKF B,Industrials,SE0000108227,Sweden,SEK,EURSEK=X
EVO.ST,EVO,EVOLUTION GAMING GROUP,Consumer Discretionary,SE0012673267,Sweden,SEK,EURSEK=X
PUM.DE,PUM,PUMA,Consumer Discretionary,DE0006969603,Germany,EUR,EUREUR=X
EMSN.SW,EMSN,EMS-CHEMIE HOLDING AG,Materials,CH0016440353,Switzerland,CHF,EURCHF=X
POLY.L,POLY,POLYMETAL INTERNATIONAL PLC,Materials,JE00B6T5S470,United Kingdom,GBP,EURGBP=X
CCH.L,CCH,COCA COLA HBC AG,Consumer Staples,CH0198251305,United Kingdom,GBP,EURGBP=X
ASM.AS,ASM,ASM INTERNATIONAL NV,Information Technology,NL0000334118,Netherlands,EUR,EUREUR=X
LI.PA,LI,KLEPIERRE REIT SA,Real Estate,FR0000121964,France,EUR,EUREUR=X
PSON.L,PSON,PEARSON PLC,Communication,GB0006776081,United Kingdom,GBP,EURGBP=X
SMDS.L,SMDS,SMITH (DS) PLC,Materials,GB0008220112,United Kingdom,GBP,EURGBP=X
ORP.PA,ORP,ORPEA SA,Health Care,FR0000184798,France,EUR,EUREUR=X
WTB.L,WTB,WHITBREAD PLC,Consumer Discretionary,GB00B1KJJ408,United Kingdom,GBP,EURGBP=X
RY4C.IR,RY4C,RYANAIR HOLDINGS PLC,Industrials,IE00BYTBXV33,Ireland,EUR,EUREUR=X
AGN.AS,AGN,AEGON NV,Financials,NL0000303709,Netherlands,EUR,EUREUR=X
JMAT.L,JMAT,JOHNSON MATTHEY PLC,Materials,GB00BZ4BQC70,United Kingdom,GBP,EURGBP=X
GVC.L,GVC,GVC HOLDINGS PLC,Consumer Discretionary,IM00B5VQMV65,United Kingdom,GBP,EURGBP=X
RSA.L,RSA,RSA INSURANCE GROUP PLC,Financials,GB00BKKMKR23,United Kingdom,GBP,EURGBP=X
DIM.PA,DIM,SARTORIUS STEDIM BIOTECH SA,Health Care,FR0013154002,France,EUR,EUREUR=X
,PKN,POLSKI KONCERN NAFTOWY ORLEN SA,Energy,PLPKN0000018,Poland,PLN,EURPLN=X
AMBU-B.CO,AMBU-B,AMBU CLASS B,Health Care,DK0060946788,Denmark,DKK,EURDKK=X
,PKO,Bank Polska Kasa Opieki SA,Financials,PLPKO0000016,Poland,PLN,EURPLN=X
OMV.VI,OMV,OMV AG,Energy,AT0000743059,Austria,EUR,EUREUR=X
AUTO.L,AUTO,AUTO TRADER GROUP PLC,Communication,GB00BVYVFW23,United Kingdom,GBP,EURGBP=X
DLG.L,DLG,DIRECT LINE INSURANCE PLC,Financials,GB00BY9D0Y18,United Kingdom,GBP,EURGBP=X
DLN.L,DLN,DERWENT LONDON REIT PLC,Real Estate,GB0002652740,United Kingdom,GBP,EURGBP=X
BIM.PA,BIM,BIOMERIEUX SA,Health Care,FR0013280286,France,EUR,EUREUR=X
KINV-B.ST,KINV-B,KINNEVIK CLASS B,Financials,SE0013256682,Sweden,SEK,EURSEK=X
MNG.L,MNG,M&G PLC,Financials,GB00BKFB1C65,United Kingdom,GBP,EURGBP=X
CLN.SW,CLN,CLARIANT AG,Materials,CH0012142631,Switzerland,CHF,EURCHF=X
ORNBV.HE,ORNBV,ORION CORP CLASS B,Health Care,FI0009014377,Finland,EUR,EUREUR=X
PRY.MI,PRY,PRYSMIAN,Industrials,IT0004176001,Italy,EUR,EUREUR=X
BLND.L,BLND,BRITISH LAND REIT PLC,Real Estate,GB0001367019,United Kingdom,GBP,EURGBP=X
PSPN.SW,PSPN,PSP SWISS PROPERTY AG,Real Estate,CH0018294154,Switzerland,CHF,EURCHF=X
RAND.AS,RAND,RANDSTAD HOLDING,Industrials,NL0000379121,Netherlands,EUR,EUREUR=X
CAST.ST,CAST,CASTELLUM,Real Estate,SE0000379190,Sweden,SEK,EURSEK=X
ENG.MC,ENG,ENAGAS SA,Utilities,ES0130960018,Spain,EUR,EUREUR=X
EDF.PA,EDF,ELECTRICITE DE FRANCE SA,Utilities,FR0010242511,France,EUR,EUREUR=X
SBRY.L,SBRY,SAINSBURY(J) PLC,Consumer Staples,GB00B019KW72,United Kingdom,GBP,EURGBP=X
HWDN.L,HWDN,HOWDEN JOINERY GROUP PLC,Industrials,GB0005576813,United Kingdom,GBP,EURGBP=X
UN01.DE,UN01,UNIPER,Utilities,DE000UNSE018,Germany,EUR,EUREUR=X
KBX.DE,KBX,KNORR BREMSE AG,Industrials,DE000KBX1006,Germany,EUR,EUREUR=X
PST.MI,PST,POSTE ITALIANE,Financials,IT0003796171,Italy,EUR,EUREUR=X
RUI.PA,RUI,RUBIS,Utilities,FR0013269123,France,EUR,EUREUR=X
HSV.L,HSV,HOMESERVE PLC,Industrials,GB00BYYTFB60,United Kingdom,GBP,EURGBP=X
RNO.PA,RNO,RENAULT SA,Consumer Discretionary,FR0000131906,France,EUR,EUREUR=X
FR.PA,FR,VALEO SA,Consumer Discretionary,FR0013176526,France,EUR,EUREUR=X
REC.MI,REC,RECORDATI INDUSTRIA CHIMICA E FARM,Health Care,IT0003828271,Italy,EUR,EUREUR=X
SEV.PA,SEV,SUEZ SA,Utilities,FR0010613471,France,EUR,EUREUR=X
LUPE.ST,LUNE,LUNDIN PETROLEUM,Energy,SE0000825820,Sweden,SEK,EURSEK=X
ABN.AS,ABN,ABN AMRO BANK NV,Financials,NL0011540547,Netherlands,EUR,EUREUR=X
KESKOB.HE,KESKOB,KESKO CLASS B,Consumer Staples,FI0009000202,Finland,EUR,EUREUR=X
HFG.DE,HFG,HELLOFRESH,Consumer Discretionary,DE000A161408,Germany,EUR,EUREUR=X
ENX.PA,ENX,EURONEXT NV,Financials,NL0006294274,France,EUR,EUREUR=X
TIT.MI,TIT,TELECOM ITALIA,Communication,IT0003497168,Italy,EUR,EUREUR=X
EVK.DE,EVK,EVONIK INDUSTRIES AG,Materials,DE000EVNK013,Germany,EUR,EUREUR=X
ICP.L,ICP,INTERMEDIATE CAPITAL GROUP PLC,Financials,GB00BYT1DJ19,United Kingdom,GBP,EURGBP=X
FTI,FTI,TECHNIPFMC PLC,Energy,GB00BDSFG982,United Kingdom,USD,EURUSD=X
JMT.LS,JMT,JERONIMO MARTINS SA,Consumer Staples,PTJMT0AE0001,Portugal,EUR,EUREUR=X
IMCD.AS,IMCD,IMCD NV,Industrials,NL0010801007,Netherlands,EUR,EUREUR=X
ICA.ST,ICA,ICA GRUPPEN,Consumer Staples,SE0000652216,Sweden,SEK,EURSEK=X
TATE.L,TATE,TATE AND LYLE PLC,Consumer Staples,GB0008754136,United Kingdom,GBP,EURGBP=X
KGF.L,KGF,KINGFISHER PLC,Consumer Discretionary,GB0033195214,United Kingdom,GBP,EURGBP=X
GETI-B.ST,GETI-B,GETINGE B,Health Care,SE0000202624,Sweden,SEK,EURSEK=X
,PZU,PZU SA,Financials,PLPZU0000011,Poland,PLN,EURPLN=X
BC8.DE,BC8,BECHTLE AG,Information Technology,DE0005158703,Germany,EUR,EUREUR=X
BWY.L,BWY,BELLWAY PLC,Consumer Discretionary,GB0000904986,United Kingdom,GBP,EURGBP=X
HIK.L,HIK,HIKMA PHARMACEUTICALS PLC,Health Care,GB00B0LCW083,United Kingdom,GBP,EURGBP=X
SDR.L,SDR,SCHRODERS PLC,Financials,GB0002405495,United Kingdom,GBP,EURGBP=X
AFX.DE,AFX,CARL ZEISS MEDITEC AG,Health Care,DE0005313704,Germany,EUR,EUREUR=X
CBK.DE,CBK,COMMERZBANK AG,Financials,DE000CBK1001,Germany,EUR,EUREUR=X
COV.PA,COV,COVIVIO SA,Real Estate,FR0000064578,France,EUR,EUREUR=X
ITV.L,ITV,ITV PLC,Communication,GB0033986497,United Kingdom,GBP,EURGBP=X
MB.MI,MB,MEDIOBANCA BANCA DI CREDITO FINANZ,Financials,IT0000062957,Italy,EUR,EUREUR=X
VACN.SW,VACN,VAT GROUP AG,Industrials,CH0311864901,Switzerland,CHF,EURCHF=X
AMUN.PA,AMUN,AMUNDI SA,Financials,FR0004125920,France,EUR,EUREUR=X
DIA.MI,DIA,DIASORIN,Health Care,IT0003492391,Italy,EUR,EUREUR=X
HSX.L,HSX,HISCOX LTD,Financials,BMG4593F1389,United Kingdom,GBP,EURGBP=X
BALD-B.ST,BALD-B,FASTIGHETS BALDER B,Real Estate,SE0000455057,Sweden,SEK,EURSEK=X
WRT1V.HE,WRT1V,WARTSILA,Industrials,FI0009003727,Finland,EUR,EUREUR=X
ANTO.L,ANTO,ANTOFAGASTA PLC,Materials,GB0000456144,United Kingdom,GBP,EURGBP=X
ASRNL.AS,ASRNL,ASR NEDERLAND NV,Financials,NL0011872643,Netherlands,EUR,EUREUR=X
SXS.L,SXS,SPECTRIS PLC,Information Technology,GB0003308607,United Kingdom,GBP,EURGBP=X
SECU-B.ST,SECU-B,SECURITAS B,Industrials,SE0000163594,Sweden,SEK,EURSEK=X
LXS.DE,LXS,LANXESS AG,Materials,DE0005470405,Germany,EUR,EUREUR=X
FABG.ST,FABG,FABEGE,Real Estate,SE0011166974,Sweden,SEK,EURSEK=X
SCR.PA,SCR,SCOR,Financials,FR0010411983,France,EUR,EUREUR=X
NEXI.MI,NEXI,NEXI,Information Technology,IT0005366767,Italy,EUR,EUREUR=X
PROX.BR,PROX,PROXIMUS NV,Communication,BE0003810273,Belgium,EUR,EUREUR=X
SIGN.SW,SIGN,SIG COMBIBLOC GROUP AG,Materials,CH0435377954,Switzerland,CHF,EURCHF=X
G1A.DE,G1A,GEA GROUP AG,Industrials,DE0006602006,Germany,EUR,EUREUR=X
INDU-A.ST,INDU-A,INDUSTRIVARDEN A,Financials,SE0000190126,Sweden,SEK,EURSEK=X
CPR.MI,CPR,DAVIDE CAMPARI MILANO,Consumer Staples,IT0005252207,Italy,EUR,EUREUR=X
SIM.CO,SIM,SIMCORP,Information Technology,DK0060495240,Denmark,DKK,EURDKK=X
GALE.SW,GALE,GALENICA AG,Health Care,CH0360674466,Switzerland,CHF,EURCHF=X
IGG.L,IGG,IG GROUP HOLDINGS PLC,Financials,GB00B06QFB75,United Kingdom,GBP,EURGBP=X
GJF.OL,GJF,GJENSIDIGE FORSIKRING,Financials,NO0010582521,Norway,NOK,EURNOK=X
SGRE.MC,SGRE,SIEMENS GAMESA RENEWABLE ENERGY SA,Industrials,ES0143416115,Spain,EUR,EUREUR=X
WDP.BR,WDP,WAREHOUSES DE PAUW REIT,Real Estate,BE0974349814,Belgium,EUR,EUREUR=X
MRL.MC,MRL,MERLIN PROPERTIES REIT SA,Real Estate,ES0105025003,Spain,EUR,EUREUR=X
HUH1V.HE,HUH1V,HUHTAMAKI,Materials,FI0009000459,Finland,EUR,EUREUR=X
SOF.BR,SOF,SOFINA SA,Financials,BE0003717312,Belgium,EUR,EUREUR=X
DPH.L,DPH,DECHRA PHARMACEUTICALS PLC,Health Care,GB0009633180,United Kingdom,GBP,EURGBP=X
VPK.AS,VPK,KONINKLIJKE VOPAK NV,Energy,NL0009432491,Netherlands,EUR,EUREUR=X
ELI.BR,ELI,ELIA GROUP SA,Utilities,BE0003822393,Belgium,EUR,EUREUR=X
UTDI.DE,UTDI,UNITED INTERNET AG,Communication,DE0005089031,Germany,EUR,EUREUR=X
TOM.OL,TOM,TOMRA SYSTEMS,Industrials,NO0005668905,Norway,NOK,EURNOK=X
FDJ.PA,FDJ,LA FRANCAISE DES JEUX SA,Consumer Discretionary,FR0013451333,France,EUR,EUREUR=X
PNDORA.CO,PNDORA,PANDORA,Consumer Discretionary,DK0060252690,Denmark,DKK,EURDKK=X
TRYG.CO,TRYG,TRYG,Financials,DK0060636678,Denmark,DKK,EURDKK=X
COFB.BR,COFB,COFINIMMO REIT SA,Real Estate,BE0003593044,Belgium,EUR,EUREUR=X
METSO.HE,METSO,METSO,Industrials,FI0009007835,Finland,EUR,EUREUR=X
NEM.DE,NEM,NEMETSCHEK,Information Technology,DE0006452907,Germany,EUR,EUREUR=X
SOBI.ST,SOBI,SWEDISH ORPHAN BIOVITRUM,Health Care,SE0000872095,Sweden,SEK,EURSEK=X
UTG.L,UTG,UNITE GROUP PLC,Real Estate,GB0006928617,United Kingdom,GBP,EURGBP=X
BME.L,BME,B&M EUROPEAN VALUE RETAIL SA,Consumer Discretionary,LU1072616219,United Kingdom,GBP,EURGBP=X
KGX.DE,KGX,KION GROUP AG,Industrials,DE000KGX8881,Germany,EUR,EUREUR=X
MOR.DE,MOR,MORPHOSYS AG,Health Care,DE0006632003,Germany,EUR,EUREUR=X
EKTA-B.ST,EKTA-B,ELEKTA B,Health Care,SE0000163628,Sweden,SEK,EURSEK=X
CTEC.L,CTEC,CONVATEC GROUP PLC,Health Care,GB00BD3VFW73,United Kingdom,GBP,EURGBP=X
COLR.BR,COLR,ETABLISSEMENTEN FRANZ COLRUYT NV,Consumer Staples,BE0974256852,Belgium,EUR,EUREUR=X
LUND-B.ST,LUND-B,LUNDBERGFORETAGEN CLASS B,Financials,SE0000108847,Sweden,SEK,EURSEK=X
ECM.L,ECM,ELECTROCOMPONENTS PLC,Information Technology,GB0003096442,United Kingdom,GBP,EURGBP=X
AVST.L,AVST,AVAST PLC,Information Technology,GB00BDD85M81,United Kingdom,GBP,EURGBP=X
TPK.L,TPK,TRAVIS PERKINS PLC,Industrials,GB0007739609,United Kingdom,GBP,EURGBP=X
TEN.MI,TEN,TENARIS SA,Energy,LU0156801721,Italy,EUR,EUREUR=X
TEG.DE,TEG,TAG IMMOBILIEN AG,Real Estate,DE0008303504,Germany,EUR,EUREUR=X
HELN.SW,HELN,HELVETIA HOLDING AG,Financials,CH0466642201,Switzerland,CHF,EURCHF=X
TECN.SW,TECN,TECAN GROUP AG,Health Care,CH0012100191,Switzerland,CHF,EURCHF=X
ACKB.BR,ACKB,ACKERMANS & VAN HAAREN NV,Financials,BE0003764785,Belgium,EUR,EUREUR=X
WEIR.L,WEIR,WEIR GROUP PLC,Industrials,GB0009465807,United Kingdom,GBP,EURGBP=X
TMV.DE,TMV,TEAMVIEWER AG,Information Technology,DE000A2YN900,Germany,EUR,EUREUR=X
ELUX-B.ST,ELUX-B,ELECTROLUX B,Consumer Discretionary,SE0000103814,Sweden,SEK,EURSEK=X
EVT.DE,EVT,EVOTEC,Health Care,DE0005664809,Germany,EUR,EUREUR=X
FIN.SW,FIN,GEORG FISCHER AG,Industrials,CH0001752309,Switzerland,CHF,EURCHF=X
RHM.DE,RHM,RHEINMETALL AG,Industrials,DE0007030009,Germany,EUR,EUREUR=X
IMI.L,IMI,IMI PLC,Industrials,GB00BGLP8L22,United Kingdom,GBP,EURGBP=X
SK.PA,SK,SEB SA,Consumer Discretionary,FR0000121709,France,EUR,EUREUR=X
LDO.MI,LDO,LEONARDO FINMECCANICA SPA,Industrials,IT0003856405,Italy,EUR,EUREUR=X
RBREW.CO,RBREW,ROYAL UNIBREW,Consumer Staples,DK0060634707,Denmark,DKK,EURDKK=X
JD.L,JD,JD SPORTS FASHION PLC,Consumer Discretionary,GB00BYX91H57,United Kingdom,GBP,EURGBP=X
KOJAMO.HE,KOJAMO,KOJAMO,Real Estate,FI4000312251,Finland,EUR,EUREUR=X
NHY.OL,NHY,NORSK HYDRO,Materials,NO0005052605,Norway,NOK,EURNOK=X
TREL-B.ST,TREL-B,TRELLEBORG B,Industrials,SE0000114837,Sweden,SEK,EURSEK=X
AVV.L,AVV,AVEVA GROUP PLC,Information Technology,GB00BBG9VN75,United Kingdom,GBP,EURGBP=X
TYRES.HE,TYRES,NOKIAN RENKAAT,Consumer Discretionary,FI0009005318,Finland,EUR,EUREUR=X
HOLM-B.ST,HOLM-B,HOLMEN CLASS B,Materials,SE0011090018,Sweden,SEK,EURSEK=X
BEAN.SW,BEAN,BELIMO HOLDING AG,Industrials,CH0001503199,Switzerland,CHF,EURCHF=X
ADP.PA,ADP,AEROPORTS DE PARIS SA,Industrials,FR0010340141,France,EUR,EUREUR=X
VER.VI,VER,VERBUND AG,Utilities,AT0000746409,Austria,EUR,EUREUR=X
AAK.ST,AAK,AAK,Consumer Staples,SE0011337708,Sweden,SEK,EURSEK=X
FPE3.DE,FPE3,FUCHS PETROLUB PREF,Materials,DE0005790430,Germany,EUR,EUREUR=X
SAB.MC,SAB,BANCO DE SABADELL SA,Financials,ES0113860A34,Spain,EUR,EUREUR=X
OMU.L,OMU,OLD MUTUAL LIMITED LTD,Financials,ZAE000255360,United Kingdom,GBP,EURGBP=X
CMBN.SW,CMBN,CEMBRA MONEY BANK AG,Financials,CH0225173167,Switzerland,CHF,EURCHF=X
HER.MI,HER,HERA,Utilities,IT0001250932,Italy,EUR,EUREUR=X
MGGT.L,MGGT,MEGGITT PLC,Industrials,GB0005758098,United Kingdom,GBP,EURGBP=X
GNS.L,GNS,GENUS PLC,Health Care,GB0002074580,United Kingdom,GBP,EURGBP=X
ROR.L,ROR,ROTORK PLC,Industrials,GB00BVFNZH21,United Kingdom,GBP,EURGBP=X
CNP.PA,CNP,CNP ASSURANCES SA,Financials,FR0000120222,France,EUR,EUREUR=X
VALMT.HE,VALMT,VALMET,Industrials,FI4000074984,Finland,EUR,EUREUR=X
MKS.L,MKS,MARKS AND SPENCER GROUP PLC,Consumer Discretionary,GB0031274896,United Kingdom,GBP,EURGBP=X
AMS.SW,AMS,AMS AG,Information Technology,AT0000A18XM4,Switzerland,CHF,EURCHF=X
BEZ.L,BEZ,BEAZLEY PLC,Financials,GB00BYQ0JC66,United Kingdom,GBP,EURGBP=X
AED.BR,AED,AEDIFICA REIT SA,Real Estate,BE0003851681,Belgium,EUR,EUREUR=X
AALB.AS,AALB,AALBERTS NV,Industrials,NL0000852564,Netherlands,EUR,EUREUR=X
SRCG.SW,SRCG,SUNRISE COMMUNICATIONS GROUP AG,Communication,CH0267291224,Switzerland,CHF,EURCHF=X
BBOX.L,BBOX,TRITAX BIG BOX REIT PLC,Real Estate,GB00BG49KP99,United Kingdom,GBP,EURGBP=X
ALLN.SW,ALLN,ALLREAL HOLDING AG,Real Estate,CH0008837566,Switzerland,CHF,EURCHF=X
PARG.SW,PARG,PARGESA HOLDING SA,Financials,CH0021783391,Switzerland,CHF,EURCHF=X
BME.MC,BME,BOLSAS Y MERCADOS ESPANOLES SOCIED,Financials,ES0115056139,Spain,EUR,EUREUR=X
AMP.MI,AMP,AMPLIFON,Health Care,IT0004056880,Italy,EUR,EUREUR=X
COL.MC,COL,INMOBILIARIA COLONIAL SA,Real Estate,ES0139140174,Spain,EUR,EUREUR=X
TKA.DE,TKA,THYSSENKRUPP AG,Materials,DE0007500001,Germany,EUR,EUREUR=X
CNA.L,CNA,CENTRICA PLC,Utilities,GB00B033F229,United Kingdom,GBP,EURGBP=X
IG.MI,IG,ITALGAS,Utilities,IT0005211237,Italy,EUR,EUREUR=X
QLT.L,QLT,QUILTER PLC,Financials,GB00BDCXV269,United Kingdom,GBP,EURGBP=X
INCH.L,INCH,INCHCAPE PLC,Consumer Discretionary,GB00B61TVQ02,United Kingdom,GBP,EURGBP=X
UBI.MI,UBI,UNIONE DI BANCHE ITALIANE,Financials,IT0003487029,Italy,EUR,EUREUR=X
IAG.MC,IAG,INTERNATIONAL AIRLINES GROUP SA,Industrials,ES0177542018,Spain,GBP,EURGBP=X
INDT.ST,INDT,INDUTRADE,Industrials,SE0001515552,Sweden,SEK,EURSEK=X
TCAP.L,TCAP,TP ICAP PLC,Financials,GB00B1H0DZ51,United Kingdom,GBP,EURGBP=X
BOL.PA,BOL,BOLLORE,Communication,FR0000039299,France,EUR,EUREUR=X
MF.PA,MF,WENDEL,Financials,FR0000121204,France,EUR,EUREUR=X
EO.PA,EO,FAURECIA,Consumer Discretionary,FR0000121147,France,EUR,EUREUR=X
BKT.MC,BKT,BANKINTER SA,Financials,ES0113679I37,Spain,EUR,EUREUR=X
BAKKA.OL,BAKKA,BAKKAFROST,Consumer Staples,FO0000000179,Norway,NOK,EURNOK=X
ILD.PA,ILD,ILIAD SA,Communication,FR0004035913,France,EUR,EUREUR=X
EVD.DE,EVD,CTS EVENTIM AG,Communication,DE0005470306,Germany,EUR,EUREUR=X
AOX.DE,AOX,ALSTRIA OFFICE REIT AG,Real Estate,DE000A0LD2U1,Germany,EUR,EUREUR=X
O2D.DE,O2D,TELEFONICA DEUTSCHLAND HOLDING AG,Communication,DE000A1J5RX9,Germany,EUR,EUREUR=X
LIGHT.AS,LIGHT,SIGNIFY NV,Industrials,NL0011821392,Netherlands,EUR,EUREUR=X
ANDR.VI,ANDR,ANDRITZ AG,Industrials,AT0000730007,Austria,EUR,EUREUR=X
VOE.VI,VOE,VOESTALPINE AG,Materials,AT0000937503,Austria,EUR,EUREUR=X
FHZN.SW,FHZN,FLUGHAFEN ZUERICH AG,Industrials,CH0319416936,Switzerland,CHF,EURCHF=X
RCO.PA,RCO,REMY COINTREAU SA,Consumer Staples,FR0000130395,France,EUR,EUREUR=X
EMG.L,EMG,MAN GROUP PLC,Financials,JE00BJ1DLW90,United Kingdom,GBP,EURGBP=X
ICAD.PA,ICAD,ICADE REIT SA,Real Estate,FR0000035081,France,EUR,EUREUR=X
BVIC.L,BVIC,BRITVIC PLC,Consumer Staples,GB00B0N8QD54,United Kingdom,GBP,EURGBP=X
ISS.CO,ISS,ISS A S,Industrials,DK0060542181,Denmark,DKK,EURDKK=X
IP.MI,IP,INTERPUMP GROUP,Industrials,IT0001078911,Italy,EUR,EUREUR=X
AM.PA,AM,DASSAULT AVIATION SA,Industrials,FR0000121725,France,EUR,EUREUR=X
BESI.AS,BESI,BE SEMICONDUCTOR INDUSTRIES NV,Information Technology,NL0012866412,Netherlands,EUR,EUREUR=X
RXL.PA,RXL,REXEL SA,Industrials,FR0010451203,France,EUR,EUREUR=X
LHA.DE,LHA,DEUTSCHE LUFTHANSA AG,Industrials,DE0008232125,Germany,EUR,EUREUR=X
SBMO.AS,SBMO,SBM OFFSHORE NV,Energy,NL0000360618,Netherlands,EUR,EUREUR=X
,KGH,KGHM POLSKA MIEDZ SA,Materials,PLKGHM000017,Poland,PLN,EURPLN=X
ANA.MC,ANA,ACCIONA SA,Utilities,ES0125220311,Spain,EUR,EUREUR=X
FNTN.DE,FNTN,FREENET AG,Communication,DE000A0Z2ZZ5,Germany,EUR,EUREUR=X
RBI.VI,RBI,RAIFFEISEN BANK INTERNATIONAL AG,Financials,AT0000606306,Austria,EUR,EUREUR=X
KN.PA,KN,NATIXIS SA,Financials,FR0000120685,France,EUR,EUREUR=X
VCT.L,VCT,VICTREX PLC,Materials,GB0009292243,United Kingdom,GBP,EURGBP=X
SESG.PA,SESG,SES SA FDR,Communication,LU0088087324,France,EUR,EUREUR=X
GRG.L,GRG,GREGGS PLC,Consumer Discretionary,GB00B63QSB39,United Kingdom,GBP,EURGBP=X
DPLM.L,DPLM,DIPLOMA PLC,Industrials,GB0001826634,United Kingdom,GBP,EURGBP=X
RF.PA,RF,EURAZEO,Financials,FR0000121121,France,EUR,EUREUR=X
CSP.L,CSP,COUNTRYSIDE PROP PLC,Consumer Discretionary,GB00BYPHNG03,United Kingdom,GBP,EURGBP=X
TUI.L,TUI,TUI AG,Consumer Discretionary,DE000TUAG000,United Kingdom,GBP,EURGBP=X
ATC.AS,ATC,ALTICE EUROPE NV,Communication,NL0011333752,Netherlands,EUR,EUREUR=X
HUSQ-B.ST,HUSQ-B,HUSQVARNA,Consumer Discretionary,SE0001662230,Sweden,SEK,EURSEK=X
GYC.DE,GYC,GRAND CITY PROPERTIES SA,Real Estate,LU0775917882,Germany,EUR,EUREUR=X
GPOR.L,GPOR,GREAT PORTLAND ESTATES REIT PLC,Real Estate,GB00BF5H9P87,United Kingdom,GBP,EURGBP=X
IPN.PA,IPN,IPSEN SA,Health Care,FR0010259150,France,EUR,EUREUR=X
WIE.VI,WIE,WIENERBERGER AG,Materials,AT0000831706,Austria,EUR,EUREUR=X
RAA.DE,RAA,RATIONAL AG,Industrials,DE0007010803,Germany,EUR,EUREUR=X
SBB-B.ST,SBB-B,SAMHALLSBYGGNADSBOLAGET I NORDEN C,Real Estate,SE0009554454,Sweden,SEK,EURSEK=X
,PEO,BANK PEKAO SA,Financials,PLPEKAO00016,Poland,PLN,EURPLN=X
NETW.L,NETW,NETWORK INTERNATIONAL HOLDINGS PLC,Information Technology,GB00BH3VJ782,United Kingdom,GBP,EURGBP=X
ENTRA.OL,ENTRA,ENTRA,Real Estate,NO0010716418,Norway,NOK,EURNOK=X
HAS.L,HAS,HAYS PLC,Industrials,GB0004161021,United Kingdom,GBP,EURGBP=X
CBG.L,CBG,CLOSE BROS GROUP PLC,Financials,GB0007668071,United Kingdom,GBP,EURGBP=X
GFS.L,GFS,G4S PLC,Industrials,GB00B01FLG62,United Kingdom,GBP,EURGBP=X
MONY.L,MONY,MONEYSUPERMARKET.COM GROUP PLC,Consumer Discretionary,GB00B1ZBKY84,United Kingdom,GBP,EURGBP=X
DEMANT.CO,DEMANT,DEMANT,Health Care,DK0060738599,Denmark,DKK,EURDKK=X
ATE.PA,ATE,ALTEN SA,Information Technology,FR0000071946,France,EUR,EUREUR=X
VTY.L,VTY,VISTRY GROUP PLC,Consumer Discretionary,GB0001859296,United Kingdom,GBP,EURGBP=X
TRN.L,TRN,TRAINLINE PLC,Consumer Discretionary,GB00BKDTK925,United Kingdom,GBP,EURGBP=X
BIRG.IR,BIRG,BANK OF IRELAND GROUP PLC,Financials,IE00BD1RP616,Ireland,EUR,EUREUR=X
A2A.MI,A2A,A2A,Utilities,IT0001233417,Italy,EUR,EUREUR=X
TOP.CO,TOP,TOPDANMARK,Financials,DK0060477503,Denmark,DKK,EURDKK=X
SOP.PA,SOP,SOPRA STERIA GROUP,Information Technology,FR0000050809,France,EUR,EUREUR=X
ASHM.L,ASHM,ASHMORE GROUP PLC,Financials,GB00B132NW22,United Kingdom,GBP,EURGBP=X
BAMI.MI,BAMI,BANCO BPM,Financials,IT0005218380,Italy,EUR,EUREUR=X
SALM.OL,SALM,SALMAR,Consumer Staples,NO0010310956,Norway,NOK,EURNOK=X
WIHL.ST,WIHL,WIHLBORGS FASTIGHETER,Real Estate,SE0011205194,Sweden,SEK,EURSEK=X
MCRO.L,MCRO,MICRO FOCUS INTERNATIONAL PLC,Information Technology,GB00BJ1F4N75,United Kingdom,GBP,EURGBP=X
DLG.DE,DLG,DIALOG SEMICON PLC,Information Technology,GB0059822006,Germany,EUR,EUREUR=X
GAW.L,GAW,GAMES WORKSHOP GROUP PLC,Consumer Discretionary,GB0003718474,United Kingdom,GBP,EURGBP=X
STB.OL,STB,STOREBRAND,Financials,NO0003053605,Norway,NOK,EURNOK=X
LUN.CO,LUN,H LUNDBECK,Health Care,DK0010287234,Denmark,DKK,EURDKK=X
UDG.L,UDG,UDG HEALTHCARE COMPANY,Health Care,IE0033024807,United Kingdom,GBP,EURGBP=X
CCL.L,CCL,CARNIVAL PLC,Consumer Discretionary,GB0031215220,United Kingdom,GBP,EURGBP=X
ELIS.PA,ELIS,ELIS SA,Industrials,FR0012435121,France,EUR,EUREUR=X
EVR.L,EVR,EVRAZ,Materials,GB00B71N6K86,United Kingdom,GBP,EURGBP=X
WG.L,WG,WOOD GROUP (JOHN) PLC,Energy,GB00B5N0P849,United Kingdom,GBP,EURGBP=X
GL9.IR,GL9,GLANBIA PLC,Consumer Staples,IE0000669501,Ireland,EUR,EUREUR=X
MAP.MC,MAP,MAPFRE SA,Financials,ES0124244E34,Spain,EUR,EUREUR=X
IWG.L,IWG,IWG,Real Estate,JE00BYVQYS01,United Kingdom,GBP,EURGBP=X
GLJ.DE,GLJ,GRENKE N AG,Financials,DE000A161N30,Germany,EUR,EUREUR=X
PSM.DE,PSM,PROSIEBEN SAT.1 MEDIA N,Communication,DE000PSM7770,Germany,EUR,EUREUR=X
BG.VI,BG,BAWAG GROUP AG,Financials,AT0000BAWAG2,Austria,EUR,EUREUR=X
SAAB-B.ST,SAAB-B,SAAB B,Industrials,SE0000112385,Sweden,SEK,EURSEK=X
RMG.L,RMG,ROYAL MAIL PLC,Industrials,GB00BDVZYZ77,United Kingdom,GBP,EURGBP=X
BOSS.DE,BOSS,HUGO BOSS N AG,Consumer Discretionary,DE000A1PHFF7,Germany,EUR,EUREUR=X
HOT.DE,HOT,HOCHTIEF AG,Industrials,DE0006070006,Germany,EUR,EUREUR=X
SIG.L,SIG,SIGNATURE AVIATION PLC,Industrials,GB00BKDM7X41,United Kingdom,GBP,EURGBP=X
LOOM-B.ST,LOOM-B,LOOMIS,Industrials,SE0002683557,Sweden,SEK,EURSEK=X
AGK.L,AGK,AGGREKO PLC,Industrials,GB00BK1PTB77,United Kingdom,GBP,EURGBP=X
SMWH.L,SMWH,WH SMITH PLC,Consumer Discretionary,GB00B2PDGW16,United Kingdom,GBP,EURGBP=X
AKERBP.OL,AKERBP,AKER BP,Energy,NO0010345853,Norway,NOK,EURNOK=X
SSPG.L,SSPG,SSP GROUP PLC,Consumer Discretionary,GB00BGBN7C04,United Kingdom,GBP,EURGBP=X
SPIE.PA,SPIE,SPIE SA,Industrials,FR0012757854,France,EUR,EUREUR=X
EZJ.L,EZJ,EASYJET PLC,Industrials,GB00B7KR2P84,United Kingdom,GBP,EURGBP=X
TGS.OL,TGS,TGS NOPEC GEOPHYSICAL,Energy,NO0003078800,Norway,NOK,EURNOK=X
CDI.PA,CDI,CHRISTIAN DIOR,Consumer Discretionary,FR0000130403,France,EUR,EUREUR=X
RDW.L,RDW,REDROW PLC,Consumer Discretionary,GB00BG11K365,United Kingdom,GBP,EURGBP=X
FRA.DE,FRA,FRAPORT FRANKFURT AIRPORT SERVICES,Industrials,DE0005773303,Germany,EUR,EUREUR=X
IIA.VI,IIA,IMMOFINANZ AG,Real Estate,AT0000A21KS2,Austria,EUR,EUREUR=X
ETL.PA,ETL,EUTELSAT COMMUNICATIONS SA,Communication,FR0010221234,France,EUR,EUREUR=X
SCHA.OL,SCHA,SCHIBSTED CLASS A,Communication,NO0003028904,Norway,NOK,EURNOK=X
HPOL-B.ST,HPOL-B,HEXPOL CLASS B,Materials,SE0007074281,Sweden,SEK,EURSEK=X
SPM.MI,SPM,SAIPEM,Energy,IT0005252140,Italy,EUR,EUREUR=X
OSR.DE,OSR,OSRAM LICHT N AG,Industrials,DE000LED4000,Germany,EUR,EUREUR=X
,LPP,LPP SA,Consumer Discretionary,PLLPP0000011,Poland,PLN,EURPLN=X
B4B.DE,B4B,METRO AG,Consumer Staples,DE000BFB0019,Germany,EUR,EUREUR=X
DOM.ST,DOM,DOMETIC GROUPINARY SHARES,Consumer Discretionary,SE0007691613,Sweden,SEK,EURSEK=X
INVP.L,INVP,INVESTEC PLC,Financials,GB00B17BBQ50,United Kingdom,GBP,EURGBP=X
,SPL,SANTANDER BANK POLSKA SA,Financials,PLBZ00000044,Poland,PLN,EURPLN=X
SUBC.OL,SUBC,SUBSEA SA,Energy,LU0075646355,Norway,NOK,EURNOK=X
VMUK.L,VMUK,VIRGIN MONEY UK PLC,Financials,GB00BD6GN030,United Kingdom,GBP,EURGBP=X
CINE.L,CINE,CINEWORLD GROUP PLC,Communication,GB00B15FWH70,United Kingdom,GBP,EURGBP=X
CPI.L,CPI,CAPITA PLC,Information Technology,GB00B23K0M20,United Kingdom,GBP,EURGBP=X
DUFN.SW,DUFN,DUFRY AG,Consumer Discretionary,CH0023405456,Switzerland,CHF,EURCHF=X
HMSO.L,HMSO,HAMMERSON REIT PLC,Real Estate,GB0004065016,United Kingdom,GBP,EURGBP=X
